id;title;keywords;description;rating
1;Generic Steel Tuna;website calculating;cross-platform support;98666
2;virtual wireless Computer;Legacy Dynamic magenta;THX actuating;88209
3;Unbranded Centers;Generic Metal Tuna;navigating Metical;43291
4;throughput;Union transmitting;New Zealand;30312
5;green Credit Card Account;Gloves Lao People's Democratic Republic;neutral;4329
6;Bike;digital;Oklahoma;95238
7;orange Security;Data Identity;Dynamic auxiliary;85535
8;COM Personal Loan Account yellow;Cape Verde;intangible homogeneous;66238
9;Rubber CSS;Bike Keyboard Tunnel;Ergonomic Concrete Ball SMS;62192
10;methodical;quantifying Cheese rich;South Dakota Underpass virtual;79521
